timestamp,protocol,status,time_ms,message
2026-10-08T15:06:57,UDP,TIMEOUT,500.677,Hello UDP
2026-10-08T15:06:58,UDP,TIMEOUT,500.623,__DROP__
2026-10-08T15:06:58,UDP,OK,0.175,udp message 1
2026-10-08T15:06:58,UDP,OK,0.069,udp message 2
2026-10-08T15:06:58,UDP,OK,0.050,udp message 3
2026-10-08T15:06:58,UDP,OK,0.042,udp message 4
2026-10-08T15:06:58,UDP,OK,0.045,udp message 5
2026-10-08T15:06:58,UDP,OK,0.043,udp message 6
2026-10-08T15:06:58,UDP,OK,0.028,udp message 7
2026-10-08T15:06:58,UDP,OK,0.028,udp message 8
2026-10-08T15:06:58,UDP,OK,0.028,udp message 9
2026-10-08T15:06:58,UDP,OK,0.028,udp message 10
2026-10-08T15:06:58,UDP,OK,0.105,udp message 11
2026-10-08T15:06:58,UDP,OK,0.038,udp message 12
2026-10-08T15:06:58,UDP,OK,0.027,udp message 13
2026-10-08T15:06:58,UDP,OK,0.027,udp message 14
2026-10-08T15:06:58,UDP,OK,0.028,udp message 15
2026-10-08T15:06:58,UDP,OK,0.030,udp message 16
2026-10-08T15:06:58,UDP,OK,0.028,udp message 17
2026-10-08T15:06:58,UDP,OK,0.028,udp message 18
2026-10-08T15:06:58,UDP,OK,0.028,udp message 19
2026-10-08T15:06:58,UDP,OK,0.027,udp message 20
2026-10-08T15:06:58,UDP,OK,0.056,udp message 21
2026-10-08T15:06:58,UDP,OK,0.028,udp message 22
2026-10-08T15:06:58,UDP,OK,0.056,udp message 23
2026-10-08T15:06:58,UDP,OK,0.028,udp message 24
2026-10-08T15:06:58,UDP,OK,0.027,udp message 25
2026-10-08T15:06:58,UDP,OK,0.027,udp message 26
2026-10-08T15:06:58,UDP,OK,0.028,udp message 27
2026-10-08T15:06:58,UDP,OK,0.028,udp message 28
2026-10-08T15:06:58,UDP,OK,0.028,udp message 29
2026-10-08T15:06:58,UDP,OK,0.027,udp message 30
2026-10-08T15:06:58,UDP,OK,0.028,udp message 31
2026-10-08T15:06:58,UDP,OK,0.028,udp message 32
2026-10-08T15:06:58,UDP,OK,0.028,udp message 33
2026-10-08T15:06:58,UDP,OK,0.028,udp message 34
2026-10-08T15:06:58,UDP,OK,0.027,udp message 35
2026-10-08T15:06:58,UDP,OK,0.028,udp message 36
2026-10-08T15:06:58,UDP,OK,0.031,udp message 37
2026-10-08T15:06:58,UDP,OK,0.029,udp message 38
2026-10-08T15:06:58,UDP,OK,0.029,udp message 39
2026-10-08T15:06:58,UDP,OK,0.028,udp message 40
2026-10-08T15:06:58,UDP,OK,0.028,udp message 41
2026-10-08T15:06:58,UDP,OK,0.027,udp message 42
2026-10-08T15:06:58,UDP,OK,0.027,udp message 43
2026-10-08T15:06:58,UDP,OK,0.027,udp message 44
2026-10-08T15:06:58,UDP,OK,0.028,udp message 45
2026-10-08T15:06:58,UDP,OK,0.027,udp message 46
2026-10-08T15:06:58,UDP,OK,0.063,udp message 47
2026-10-08T15:06:58,UDP,OK,0.029,udp message 48
2026-10-08T15:06:58,UDP,OK,0.091,udp message 49
2026-10-08T15:06:58,UDP,OK,0.060,udp message 50
2026-10-08T15:06:58,UDP,OK,0.139,udp message 51
2026-10-08T15:06:58,UDP,OK,0.052,udp message 52
2026-10-08T15:06:58,UDP,OK,0.028,udp message 53
2026-10-08T15:06:58,UDP,OK,0.028,udp message 54
2026-10-08T15:06:58,UDP,OK,0.027,udp message 55
2026-10-08T15:06:58,UDP,OK,0.027,udp message 56
2026-10-08T15:06:58,UDP,OK,0.028,udp message 57
2026-10-08T15:06:58,UDP,OK,0.028,udp message 58
2026-10-08T15:06:58,UDP,OK,0.028,udp message 59
2026-10-08T15:06:58,UDP,OK,0.028,udp message 60
2026-10-08T15:06:58,UDP,OK,0.027,udp message 61
2026-10-08T15:06:58,UDP,OK,0.027,udp message 62
2026-10-08T15:06:58,UDP,OK,0.027,udp message 63
2026-10-08T15:06:58,UDP,OK,0.029,udp message 64
2026-10-08T15:06:58,UDP,OK,0.028,udp message 65
2026-10-08T15:06:58,UDP,OK,0.028,udp message 66
2026-10-08T15:06:58,UDP,OK,0.028,udp message 67
2026-10-08T15:06:58,UDP,OK,0.028,udp message 68
2026-10-08T15:06:58,UDP,OK,0.028,udp message 69
2026-10-08T15:06:58,UDP,OK,0.028,udp message 70
2026-10-08T15:06:58,UDP,OK,0.028,udp message 71
2026-10-08T15:06:58,UDP,OK,0.028,udp message 72
2026-10-08T15:06:58,UDP,OK,0.155,udp message 73
2026-10-08T15:06:58,UDP,OK,0.043,udp message 74
2026-10-08T15:06:58,UDP,OK,0.033,udp message 75
2026-10-08T15:06:58,UDP,OK,0.028,udp message 76
2026-10-08T15:06:58,UDP,OK,0.027,udp message 77
2026-10-08T15:06:58,UDP,OK,0.027,udp message 78
2026-10-08T15:06:58,UDP,OK,0.028,udp message 79
2026-10-08T15:06:58,UDP,OK,0.030,udp message 80
2026-10-08T15:06:58,UDP,OK,0.027,udp message 81
2026-10-08T15:06:58,UDP,OK,3.394,udp message 82
2026-10-08T15:06:58,UDP,OK,0.121,udp message 83
2026-10-08T15:06:58,UDP,OK,0.032,udp message 84
2026-10-08T15:06:58,UDP,OK,0.028,udp message 85
2026-10-08T15:06:58,UDP,OK,0.028,udp message 86
2026-10-08T15:06:58,UDP,OK,0.029,udp message 87
2026-10-08T15:06:58,UDP,OK,0.028,udp message 88
2026-10-08T15:06:58,UDP,OK,0.028,udp message 89
2026-10-08T15:06:58,UDP,OK,0.028,udp message 90
2026-10-08T15:06:58,UDP,OK,0.028,udp message 91
2026-10-08T15:06:58,UDP,OK,0.027,udp message 92
2026-10-08T15:06:58,UDP,OK,0.027,udp message 93
2026-10-08T15:06:58,UDP,OK,0.028,udp message 94
2026-10-08T15:06:58,UDP,OK,0.027,udp message 95
2026-10-08T15:06:58,UDP,OK,0.028,udp message 96
2026-10-08T15:06:58,UDP,OK,0.028,udp message 97
2026-10-08T15:06:58,UDP,OK,0.027,udp message 98
2026-10-08T15:06:58,UDP,OK,0.028,udp message 99
2026-10-08T15:06:58,UDP,OK,0.028,udp message 100
2026-10-08T15:06:59,TCP,OK,2.438,Hello TCP
2026-10-08T15:06:59,TCP,OK,1.729,tcp message 1
2026-10-08T15:06:59,TCP,OK,0.079,tcp message 2
2026-10-08T15:06:59,TCP,OK,0.047,tcp message 3
2026-10-08T15:06:59,TCP,OK,0.039,tcp message 4
2026-10-08T15:06:59,TCP,OK,0.062,tcp message 5
2026-10-08T15:06:59,TCP,OK,0.038,tcp message 6
2026-10-08T15:06:59,TCP,OK,0.033,tcp message 7
2026-10-08T15:06:59,TCP,OK,0.065,tcp message 8
2026-10-08T15:06:59,TCP,OK,0.035,tcp message 9
2026-10-08T15:06:59,TCP,OK,0.033,tcp message 10
2026-10-08T15:06:59,TCP,OK,0.032,tcp message 11
2026-10-08T15:06:59,TCP,OK,0.032,tcp message 12
2026-10-08T15:06:59,TCP,OK,0.047,tcp message 13
2026-10-08T15:06:59,TCP,OK,0.035,tcp message 14
2026-10-08T15:06:59,TCP,OK,0.033,tcp message 15
2026-10-08T15:06:59,TCP,OK,0.033,tcp message 16
2026-10-08T15:06:59,TCP,OK,0.031,tcp message 17
2026-10-08T15:06:59,TCP,OK,0.035,tcp message 18
2026-10-08T15:06:59,TCP,OK,0.028,tcp message 19
2026-10-08T15:06:59,TCP,OK,0.036,tcp message 20
2026-10-08T15:06:59,TCP,OK,0.031,tcp message 21
2026-10-08T15:06:59,TCP,OK,0.031,tcp message 22
2026-10-08T15:06:59,TCP,OK,0.029,tcp message 23
2026-10-08T15:06:59,TCP,OK,0.030,tcp message 24
2026-10-08T15:06:59,TCP,OK,0.031,tcp message 25
2026-10-08T15:06:59,TCP,OK,0.029,tcp message 26
2026-10-08T15:06:59,TCP,OK,0.029,tcp message 27
2026-10-08T15:06:59,TCP,OK,0.030,tcp message 28
2026-10-08T15:06:59,TCP,OK,0.029,tcp message 29
2026-10-08T15:06:59,TCP,OK,0.029,tcp message 30
2026-10-08T15:06:59,TCP,OK,0.029,tcp message 31
2026-10-08T15:06:59,TCP,OK,0.031,tcp message 32
2026-10-08T15:06:59,TCP,OK,0.148,tcp message 33
2026-10-08T15:06:59,TCP,OK,0.064,tcp message 34
2026-10-08T15:06:59,TCP,OK,0.034,tcp message 35
2026-10-08T15:06:59,TCP,OK,0.036,tcp message 36
2026-10-08T15:06:59,TCP,OK,0.026,tcp message 37
2026-10-08T15:06:59,TCP,OK,0.035,tcp message 38
2026-10-08T15:06:59,TCP,OK,0.030,tcp message 39
2026-10-08T15:06:59,TCP,OK,0.029,tcp message 40
2026-10-08T15:06:59,TCP,OK,0.029,tcp message 41
2026-10-08T15:06:59,TCP,OK,0.036,tcp message 42
2026-10-08T15:06:59,TCP,OK,0.051,tcp message 43
2026-10-08T15:06:59,TCP,OK,0.034,tcp message 44
2026-10-08T15:06:59,TCP,OK,0.030,tcp message 45
2026-10-08T15:06:59,TCP,OK,0.034,tcp message 46
2026-10-08T15:06:59,TCP,OK,0.030,tcp message 47
2026-10-08T15:06:59,TCP,OK,0.031,tcp message 48
2026-10-08T15:06:59,TCP,OK,1.236,tcp message 49
2026-10-08T15:06:59,TCP,OK,0.081,tcp message 50
2026-10-08T15:06:59,TCP,OK,0.036,tcp message 51
2026-10-08T15:06:59,TCP,OK,0.030,tcp message 52
2026-10-08T15:06:59,TCP,OK,0.030,tcp message 53
2026-10-08T15:06:59,TCP,OK,0.031,tcp message 54
2026-10-08T15:06:59,TCP,OK,0.029,tcp message 55
2026-10-08T15:06:59,TCP,OK,0.036,tcp message 56
2026-10-08T15:06:59,TCP,OK,0.045,tcp message 57
2026-10-08T15:06:59,TCP,OK,0.030,tcp message 58
2026-10-08T15:06:59,TCP,OK,0.028,tcp message 59
2026-10-08T15:06:59,TCP,OK,0.028,tcp message 60
2026-10-08T15:06:59,TCP,OK,0.027,tcp message 61
2026-10-08T15:06:59,TCP,OK,0.026,tcp message 62
2026-10-08T15:06:59,TCP,OK,0.026,tcp message 63
2026-10-08T15:06:59,TCP,OK,0.039,tcp message 64
2026-10-08T15:06:59,TCP,OK,0.035,tcp message 65
2026-10-08T15:06:59,TCP,OK,0.028,tcp message 66
2026-10-08T15:06:59,TCP,OK,0.028,tcp message 67
2026-10-08T15:06:59,TCP,OK,0.027,tcp message 68
2026-10-08T15:06:59,TCP,OK,0.027,tcp message 69
2026-10-08T15:06:59,TCP,OK,0.028,tcp message 70
2026-10-08T15:06:59,TCP,OK,0.031,tcp message 71
2026-10-08T15:06:59,TCP,OK,0.026,tcp message 72
2026-10-08T15:06:59,TCP,OK,0.026,tcp message 73
2026-10-08T15:06:59,TCP,OK,0.027,tcp message 74
2026-10-08T15:06:59,TCP,OK,0.030,tcp message 75
2026-10-08T15:06:59,TCP,OK,0.243,tcp message 76
2026-10-08T15:06:59,TCP,OK,0.078,tcp message 77
2026-10-08T15:06:59,TCP,OK,0.035,tcp message 78
2026-10-08T15:06:59,TCP,OK,0.042,tcp message 79
2026-10-08T15:06:59,TCP,OK,0.035,tcp message 80
2026-10-08T15:06:59,TCP,OK,0.030,tcp message 81
2026-10-08T15:06:59,TCP,OK,0.031,tcp message 82
2026-10-08T15:06:59,TCP,OK,0.029,tcp message 83
2026-10-08T15:06:59,TCP,OK,0.033,tcp message 84
2026-10-08T15:06:59,TCP,OK,0.030,tcp message 85
2026-10-08T15:06:59,TCP,OK,0.029,tcp message 86
2026-10-08T15:06:59,TCP,OK,0.029,tcp message 87
2026-10-08T15:06:59,TCP,OK,0.028,tcp message 88
2026-10-08T15:06:59,TCP,OK,0.028,tcp message 89
2026-10-08T15:06:59,TCP,OK,0.118,tcp message 90
2026-10-08T15:06:59,TCP,OK,0.051,tcp message 91
2026-10-08T15:06:59,TCP,OK,0.036,tcp message 92
2026-10-08T15:06:59,TCP,OK,0.037,tcp message 93
2026-10-08T15:06:59,TCP,OK,0.032,tcp message 94
2026-10-08T15:06:59,TCP,OK,0.031,tcp message 95
2026-10-08T15:06:59,TCP,OK,0.033,tcp message 96
2026-10-08T15:06:59,TCP,OK,0.149,tcp message 97
2026-10-08T15:06:59,TCP,OK,0.050,tcp message 98
2026-10-08T15:06:59,TCP,OK,0.084,tcp message 99
2026-10-08T15:06:59,TCP,OK,0.041,tcp message 100
2026-10-08T15:12:52,UDP,OK,0.404,Hello UDP
2026-10-08T15:12:52,UDP,TIMEOUT,500.657,__DROP__
2026-10-08T15:12:52,UDP,OK,0.190,udp message 1
2026-10-08T15:12:52,UDP,OK,0.168,udp message 2
2026-10-08T15:12:52,UDP,OK,0.041,udp message 3
2026-10-08T15:12:52,UDP,OK,0.154,udp message 4
2026-10-08T15:12:52,UDP,OK,0.039,udp message 5
2026-10-08T15:12:52,UDP,OK,0.028,udp message 6
2026-10-08T15:12:52,UDP,OK,0.028,udp message 7
2026-10-08T15:12:52,UDP,OK,0.062,udp message 8
2026-10-08T15:12:52,UDP,OK,0.089,udp message 9
2026-10-08T15:12:52,UDP,OK,0.040,udp message 10
2026-10-08T15:12:52,UDP,OK,0.028,udp message 11
2026-10-08T15:12:52,UDP,OK,0.028,udp message 12
2026-10-08T15:12:52,UDP,OK,0.043,udp message 13
2026-10-08T15:12:52,UDP,OK,0.496,udp message 14
2026-10-08T15:12:52,UDP,OK,0.211,udp message 15
2026-10-08T15:12:52,UDP,OK,0.053,udp message 16
2026-10-08T15:12:52,UDP,OK,0.042,udp message 17
2026-10-08T15:12:52,UDP,OK,0.043,udp message 18
2026-10-08T15:12:52,UDP,OK,0.282,udp message 19
2026-10-08T15:12:52,UDP,OK,0.147,udp message 20
2026-10-08T15:12:52,UDP,OK,0.634,udp message 21
2026-10-08T15:12:52,UDP,OK,0.150,udp message 22
2026-10-08T15:12:52,UDP,OK,0.370,udp message 23
2026-10-08T15:12:52,UDP,OK,0.499,udp message 24
2026-10-08T15:12:52,UDP,OK,0.155,udp message 25
2026-10-08T15:12:52,UDP,OK,0.124,udp message 26
2026-10-08T15:12:52,UDP,OK,0.183,udp message 27
2026-10-08T15:12:52,UDP,OK,0.377,udp message 28
2026-10-08T15:12:52,UDP,OK,0.357,udp message 29
2026-10-08T15:12:52,UDP,OK,0.044,udp message 30
2026-10-08T15:12:52,UDP,OK,0.186,udp message 31
2026-10-08T15:12:52,UDP,OK,0.070,udp message 32
2026-10-08T15:12:52,UDP,OK,0.133,udp message 33
2026-10-08T15:12:52,UDP,OK,0.047,udp message 34
2026-10-08T15:12:52,UDP,OK,0.041,udp message 35
2026-10-08T15:12:52,UDP,OK,0.073,udp message 36
2026-10-08T15:12:52,UDP,OK,0.041,udp message 37
2026-10-08T15:12:52,UDP,OK,0.035,udp message 38
2026-10-08T15:12:52,UDP,OK,0.031,udp message 39
2026-10-08T15:12:52,UDP,OK,0.134,udp message 40
2026-10-08T15:12:52,UDP,OK,0.042,udp message 41
2026-10-08T15:12:52,UDP,OK,0.031,udp message 42
2026-10-08T15:12:52,UDP,OK,0.025,udp message 43
2026-10-08T15:12:52,UDP,OK,0.282,udp message 44
2026-10-08T15:12:52,UDP,OK,0.195,udp message 45
2026-10-08T15:12:52,UDP,OK,0.319,udp message 46
2026-10-08T15:12:52,UDP,OK,0.133,udp message 47
2026-10-08T15:12:52,UDP,OK,0.066,udp message 48
2026-10-08T15:12:52,UDP,OK,0.066,udp message 49
2026-10-08T15:12:52,UDP,OK,0.400,udp message 50
2026-10-08T15:12:52,UDP,OK,0.141,udp message 51
2026-10-08T15:12:52,UDP,OK,0.048,udp message 52
2026-10-08T15:12:52,UDP,OK,0.039,udp message 53
2026-10-08T15:12:52,UDP,OK,0.027,udp message 54
2026-10-08T15:12:52,UDP,OK,0.027,udp message 55
2026-10-08T15:12:52,UDP,OK,0.027,udp message 56
2026-10-08T15:12:52,UDP,OK,0.071,udp message 57
2026-10-08T15:12:52,UDP,OK,0.074,udp message 58
2026-10-08T15:12:52,UDP,OK,0.039,udp message 59
2026-10-08T15:12:52,UDP,OK,0.403,udp message 60
2026-10-08T15:12:52,UDP,OK,0.069,udp message 61
2026-10-08T15:12:52,UDP,OK,0.028,udp message 62
2026-10-08T15:12:52,UDP,OK,0.027,udp message 63
2026-10-08T15:12:52,UDP,OK,0.118,udp message 64
2026-10-08T15:12:52,UDP,OK,0.037,udp message 65
2026-10-08T15:12:52,UDP,OK,0.090,udp message 66
2026-10-08T15:12:52,UDP,OK,0.497,udp message 67
2026-10-08T15:12:52,UDP,OK,0.050,udp message 68
2026-10-08T15:12:52,UDP,OK,0.028,udp message 69
2026-10-08T15:12:52,UDP,OK,0.028,udp message 70
2026-10-08T15:12:52,UDP,OK,0.044,udp message 71
2026-10-08T15:12:52,UDP,OK,0.030,udp message 72
2026-10-08T15:12:52,UDP,OK,0.027,udp message 73
2026-10-08T15:12:52,UDP,OK,0.027,udp message 74
2026-10-08T15:12:52,UDP,OK,0.028,udp message 75
2026-10-08T15:12:52,UDP,OK,0.030,udp message 76
2026-10-08T15:12:52,UDP,OK,0.031,udp message 77
2026-10-08T15:12:52,UDP,OK,0.084,udp message 78
2026-10-08T15:12:52,UDP,OK,0.177,udp message 79
2026-10-08T15:12:52,UDP,OK,0.095,udp message 80
2026-10-08T15:12:52,UDP,OK,0.030,udp message 81
2026-10-08T15:12:52,UDP,OK,0.058,udp message 82
2026-10-08T15:12:52,UDP,OK,0.030,udp message 83
2026-10-08T15:12:52,UDP,OK,0.030,udp message 84
2026-10-08T15:12:52,UDP,OK,0.028,udp message 85
2026-10-08T15:12:52,UDP,OK,0.028,udp message 86
2026-10-08T15:12:52,UDP,OK,0.029,udp message 87
2026-10-08T15:12:52,UDP,OK,0.029,udp message 88
2026-10-08T15:12:52,UDP,OK,0.028,udp message 89
2026-10-08T15:12:52,UDP,OK,0.028,udp message 90
2026-10-08T15:12:52,UDP,OK,0.029,udp message 91
2026-10-08T15:12:52,UDP,OK,0.027,udp message 92
2026-10-08T15:12:52,UDP,OK,0.028,udp message 93
2026-10-08T15:12:52,UDP,OK,0.028,udp message 94
2026-10-08T15:12:52,UDP,OK,0.028,udp message 95
2026-10-08T15:12:52,UDP,OK,0.030,udp message 96
2026-10-08T15:12:52,UDP,OK,0.031,udp message 97
2026-10-08T15:12:52,UDP,OK,0.030,udp message 98
2026-10-08T15:12:52,UDP,OK,0.029,udp message 99
2026-10-08T15:12:52,UDP,OK,0.030,udp message 100
2026-10-08T15:12:53,TCP,OK,0.259,Hello TCP
2026-10-08T15:12:53,TCP,OK,0.095,tcp message 1
2026-10-08T15:12:53,TCP,OK,0.053,tcp message 2
2026-10-08T15:12:53,TCP,OK,0.042,tcp message 3
2026-10-08T15:12:53,TCP,OK,0.049,tcp message 4
2026-10-08T15:12:53,TCP,OK,0.175,tcp message 5
2026-10-08T15:12:53,TCP,OK,0.051,tcp message 6
2026-10-08T15:12:53,TCP,OK,0.046,tcp message 7
2026-10-08T15:12:53,TCP,OK,0.036,tcp message 8
2026-10-08T15:12:53,TCP,OK,0.033,tcp message 9
2026-10-08T15:12:53,TCP,OK,0.032,tcp message 10
2026-10-08T15:12:53,TCP,OK,0.034,tcp message 11
2026-10-08T15:12:53,TCP,OK,0.032,tcp message 12
2026-10-08T15:12:53,TCP,OK,0.031,tcp message 13
2026-10-08T15:12:53,TCP,OK,0.030,tcp message 14
2026-10-08T15:12:53,TCP,OK,0.032,tcp message 15
2026-10-08T15:12:53,TCP,OK,0.033,tcp message 16
2026-10-08T15:12:53,TCP,OK,0.032,tcp message 17
2026-10-08T15:12:53,TCP,OK,0.030,tcp message 18
2026-10-08T15:12:53,TCP,OK,0.040,tcp message 19
2026-10-08T15:12:53,TCP,OK,0.033,tcp message 20
2026-10-08T15:12:53,TCP,OK,0.030,tcp message 21
2026-10-08T15:12:53,TCP,OK,0.031,tcp message 22
2026-10-08T15:12:53,TCP,OK,0.034,tcp message 23
2026-10-08T15:12:53,TCP,OK,0.030,tcp message 24
2026-10-08T15:12:53,TCP,OK,0.031,tcp message 25
2026-10-08T15:12:53,TCP,OK,0.029,tcp message 26
2026-10-08T15:12:53,TCP,OK,0.032,tcp message 27
2026-10-08T15:12:53,TCP,OK,0.029,tcp message 28
2026-10-08T15:12:53,TCP,OK,0.029,tcp message 29
2026-10-08T15:12:53,TCP,OK,0.029,tcp message 30
2026-10-08T15:12:53,TCP,OK,0.030,tcp message 31
2026-10-08T15:12:53,TCP,OK,0.062,tcp message 32
2026-10-08T15:12:53,TCP,OK,0.039,tcp message 33
2026-10-08T15:12:53,TCP,OK,0.031,tcp message 34
2026-10-08T15:12:53,TCP,OK,0.034,tcp message 35
2026-10-08T15:12:53,TCP,OK,0.031,tcp message 36
2026-10-08T15:12:53,TCP,OK,0.031,tcp message 37
2026-10-08T15:12:53,TCP,OK,0.043,tcp message 38
2026-10-08T15:12:53,TCP,OK,0.034,tcp message 39
2026-10-08T15:12:53,TCP,OK,0.109,tcp message 40
2026-10-08T15:12:53,TCP,OK,0.039,tcp message 41
2026-10-08T15:12:53,TCP,OK,0.036,tcp message 42
2026-10-08T15:12:53,TCP,OK,0.031,tcp message 43
2026-10-08T15:12:53,TCP,OK,0.034,tcp message 44
2026-10-08T15:12:53,TCP,OK,0.030,tcp message 45
2026-10-08T15:12:53,TCP,OK,0.030,tcp message 46
2026-10-08T15:12:53,TCP,OK,0.030,tcp message 47
2026-10-08T15:12:53,TCP,OK,0.030,tcp message 48
2026-10-08T15:12:53,TCP,OK,0.030,tcp message 49
2026-10-08T15:12:53,TCP,OK,0.028,tcp message 50
2026-10-08T15:12:53,TCP,OK,0.028,tcp message 51
2026-10-08T15:12:53,TCP,OK,0.028,tcp message 52
2026-10-08T15:12:53,TCP,OK,0.030,tcp message 53
2026-10-08T15:12:53,TCP,OK,0.031,tcp message 54
2026-10-08T15:12:53,TCP,OK,0.029,tcp message 55
2026-10-08T15:12:53,TCP,OK,0.743,tcp message 56
2026-10-08T15:12:53,TCP,OK,0.086,tcp message 57
2026-10-08T15:12:53,TCP,OK,0.041,tcp message 58
2026-10-08T15:12:53,TCP,OK,0.035,tcp message 59
2026-10-08T15:12:53,TCP,OK,0.033,tcp message 60
2026-10-08T15:12:53,TCP,OK,0.031,tcp message 61
2026-10-08T15:12:53,TCP,OK,0.030,tcp message 62
2026-10-08T15:12:53,TCP,OK,0.035,tcp message 63
2026-10-08T15:12:53,TCP,OK,0.031,tcp message 64
2026-10-08T15:12:53,TCP,OK,0.030,tcp message 65
2026-10-08T15:12:53,TCP,OK,0.029,tcp message 66
2026-10-08T15:12:53,TCP,OK,0.029,tcp message 67
2026-10-08T15:12:53,TCP,OK,0.029,tcp message 68
2026-10-08T15:12:53,TCP,OK,0.025,tcp message 69
2026-10-08T15:12:53,TCP,OK,0.033,tcp message 70
2026-10-08T15:12:53,TCP,OK,0.030,tcp message 71
2026-10-08T15:12:53,TCP,OK,0.029,tcp message 72
2026-10-08T15:12:53,TCP,OK,0.031,tcp message 73
2026-10-08T15:12:53,TCP,OK,0.029,tcp message 74
2026-10-08T15:12:53,TCP,OK,0.024,tcp message 75
2026-10-08T15:12:53,TCP,OK,0.062,tcp message 76
2026-10-08T15:12:53,TCP,OK,0.038,tcp message 77
2026-10-08T15:12:53,TCP,OK,0.032,tcp message 78
2026-10-08T15:12:53,TCP,OK,0.030,tcp message 79
2026-10-08T15:12:53,TCP,OK,0.031,tcp message 80
2026-10-08T15:12:53,TCP,OK,0.029,tcp message 81
2026-10-08T15:12:53,TCP,OK,0.031,tcp message 82
2026-10-08T15:12:53,TCP,OK,0.028,tcp message 83
2026-10-08T15:12:53,TCP,OK,0.029,tcp message 84
2026-10-08T15:12:53,TCP,OK,0.030,tcp message 85
2026-10-08T15:12:53,TCP,OK,0.024,tcp message 86
2026-10-08T15:12:53,TCP,OK,0.033,tcp message 87
2026-10-08T15:12:53,TCP,OK,0.211,tcp message 88
2026-10-08T15:12:53,TCP,OK,0.058,tcp message 89
2026-10-08T15:12:53,TCP,OK,0.033,tcp message 90
2026-10-08T15:12:53,TCP,OK,0.034,tcp message 91
2026-10-08T15:12:53,TCP,OK,0.083,tcp message 92
2026-10-08T15:12:53,TCP,OK,0.035,tcp message 93
2026-10-08T15:12:53,TCP,OK,0.035,tcp message 94
2026-10-08T15:12:53,TCP,OK,0.032,tcp message 95
2026-10-08T15:12:53,TCP,OK,0.038,tcp message 96
2026-10-08T15:12:53,TCP,OK,0.074,tcp message 97
2026-10-08T15:12:53,TCP,OK,0.036,tcp message 98
2026-10-08T15:12:53,TCP,OK,0.178,tcp message 99
2026-10-08T15:12:53,TCP,OK,0.041,tcp message 100
2026-10-08T18:18:49,UDP,OK,0.651,Hello UDP
2026-10-08T18:18:49,UDP,TIMEOUT,506.017,__DROP__
2026-10-08T18:18:49,UDP,OK,0.392,udp message 1
2026-10-08T18:18:49,UDP,OK,0.220,udp message 2
2026-10-08T18:18:49,UDP,OK,0.252,udp message 3
2026-10-08T18:18:49,UDP,OK,0.200,udp message 4
2026-10-08T18:18:49,UDP,OK,0.171,udp message 5
2026-10-08T18:18:49,UDP,OK,0.173,udp message 6
2026-10-08T18:18:49,UDP,OK,0.196,udp message 7
2026-10-08T18:18:49,UDP,OK,0.286,udp message 8
2026-10-08T18:18:49,UDP,OK,0.300,udp message 9
2026-10-08T18:18:49,UDP,OK,0.350,udp message 10
2026-10-08T18:18:49,UDP,OK,0.192,udp message 11
2026-10-08T18:18:49,UDP,OK,0.152,udp message 12
2026-10-08T18:18:49,UDP,OK,0.167,udp message 13
2026-10-08T18:18:49,UDP,OK,0.172,udp message 14
2026-10-08T18:18:49,UDP,OK,0.140,udp message 15
2026-10-08T18:18:49,UDP,OK,0.150,udp message 16
2026-10-08T18:18:49,UDP,OK,0.150,udp message 17
2026-10-08T18:18:49,UDP,OK,0.163,udp message 18
2026-10-08T18:18:49,UDP,OK,0.176,udp message 19
2026-10-08T18:18:49,UDP,OK,0.214,udp message 20
2026-10-08T18:18:49,UDP,OK,0.147,udp message 21
2026-10-08T18:18:49,UDP,OK,0.147,udp message 22
2026-10-08T18:18:49,UDP,OK,0.136,udp message 23
2026-10-08T18:18:49,UDP,OK,0.140,udp message 24
2026-10-08T18:18:49,UDP,OK,0.165,udp message 25
2026-10-08T18:18:49,UDP,OK,0.155,udp message 26
2026-10-08T18:18:49,UDP,OK,0.165,udp message 27
2026-10-08T18:18:49,UDP,OK,0.152,udp message 28
2026-10-08T18:18:49,UDP,OK,0.139,udp message 29
2026-10-08T18:18:49,UDP,OK,0.148,udp message 30
2026-10-08T18:18:49,UDP,OK,0.146,udp message 31
2026-10-08T18:18:49,UDP,OK,0.136,udp message 32
2026-10-08T18:18:49,UDP,OK,0.144,udp message 33
2026-10-08T18:18:49,UDP,OK,0.221,udp message 34
2026-10-08T18:18:49,UDP,OK,0.158,udp message 35
2026-10-08T18:18:49,UDP,OK,0.149,udp message 36
2026-10-08T18:18:49,UDP,OK,0.149,udp message 37
2026-10-08T18:18:49,UDP,OK,0.147,udp message 38
2026-10-08T18:18:49,UDP,OK,0.145,udp message 39
2026-10-08T18:18:49,UDP,OK,0.149,udp message 40
2026-10-08T18:18:49,UDP,OK,0.149,udp message 41
2026-10-08T18:18:49,UDP,OK,0.145,udp message 42
2026-10-08T18:18:49,UDP,OK,0.146,udp message 43
2026-10-08T18:18:49,UDP,OK,0.134,udp message 44
2026-10-08T18:18:49,UDP,OK,0.148,udp message 45
2026-10-08T18:18:49,UDP,OK,0.149,udp message 46
2026-10-08T18:18:49,UDP,OK,0.143,udp message 47
2026-10-08T18:18:49,UDP,OK,0.156,udp message 48
2026-10-08T18:18:49,UDP,OK,0.157,udp message 49
2026-10-08T18:18:49,UDP,OK,0.214,udp message 50
2026-10-08T18:18:49,UDP,OK,0.166,udp message 51
2026-10-08T18:18:49,UDP,OK,0.142,udp message 52
2026-10-08T18:18:49,UDP,OK,0.155,udp message 53
2026-10-08T18:18:49,UDP,OK,0.141,udp message 54
2026-10-08T18:18:49,UDP,OK,0.140,udp message 55
2026-10-08T18:18:49,UDP,OK,0.136,udp message 56
2026-10-08T18:18:49,UDP,OK,0.157,udp message 57
2026-10-08T18:18:49,UDP,OK,0.160,udp message 58
2026-10-08T18:18:49,UDP,OK,0.153,udp message 59
2026-10-08T18:18:49,UDP,OK,0.155,udp message 60
2026-10-08T18:18:49,UDP,OK,0.149,udp message 61
2026-10-08T18:18:49,UDP,OK,0.146,udp message 62
2026-10-08T18:18:49,UDP,OK,0.149,udp message 63
2026-10-08T18:18:49,UDP,OK,0.147,udp message 64
2026-10-08T18:18:49,UDP,OK,0.143,udp message 65
2026-10-08T18:18:49,UDP,OK,0.145,udp message 66
2026-10-08T18:18:49,UDP,OK,0.149,udp message 67
2026-10-08T18:18:49,UDP,OK,0.145,udp message 68
2026-10-08T18:18:49,UDP,OK,0.218,udp message 69
2026-10-08T18:18:49,UDP,OK,0.157,udp message 70
2026-10-08T18:18:49,UDP,OK,0.154,udp message 71
2026-10-08T18:18:49,UDP,OK,0.144,udp message 72
2026-10-08T18:18:49,UDP,OK,0.143,udp message 73
2026-10-08T18:18:49,UDP,OK,0.144,udp message 74
2026-10-08T18:18:49,UDP,OK,0.148,udp message 75
2026-10-08T18:18:49,UDP,OK,0.147,udp message 76
2026-10-08T18:18:49,UDP,OK,0.154,udp message 77
2026-10-08T18:18:49,UDP,OK,0.157,udp message 78
2026-10-08T18:18:49,UDP,OK,0.254,udp message 79
2026-10-08T18:18:49,UDP,OK,0.180,udp message 80
2026-10-08T18:18:49,UDP,OK,0.148,udp message 81
2026-10-08T18:18:49,UDP,OK,0.139,udp message 82
2026-10-08T18:18:49,UDP,OK,0.144,udp message 83
2026-10-08T18:18:49,UDP,OK,0.144,udp message 84
2026-10-08T18:18:49,UDP,OK,0.139,udp message 85
2026-10-08T18:18:49,UDP,OK,0.143,udp message 86
2026-10-08T18:18:49,UDP,OK,0.140,udp message 87
2026-10-08T18:18:49,UDP,OK,0.171,udp message 88
2026-10-08T18:18:49,UDP,OK,0.193,udp message 89
2026-10-08T18:18:49,UDP,OK,0.190,udp message 90
2026-10-08T18:18:49,UDP,OK,0.152,udp message 91
2026-10-08T18:18:49,UDP,OK,0.171,udp message 92
2026-10-08T18:18:49,UDP,OK,0.146,udp message 93
2026-10-08T18:18:49,UDP,OK,0.148,udp message 94
2026-10-08T18:18:49,UDP,OK,0.146,udp message 95
2026-10-08T18:18:49,UDP,OK,0.143,udp message 96
2026-10-08T18:18:49,UDP,OK,0.137,udp message 97
2026-10-08T18:18:49,UDP,OK,0.183,udp message 98
2026-10-08T18:18:49,UDP,OK,0.165,udp message 99
2026-10-08T18:18:49,UDP,OK,0.169,udp message 100
2026-10-08T18:20:07,TCP,OK,39.840,Hello TCP
2026-10-08T18:20:07,TCP,OK,0.717,tcp message 1
2026-10-08T18:20:07,TCP,OK,0.764,tcp message 2
2026-10-08T18:20:07,TCP,OK,22.656,tcp message 3
2026-10-08T18:20:07,TCP,OK,0.526,tcp message 4
2026-10-08T18:20:07,TCP,OK,0.420,tcp message 5
2026-10-08T18:20:07,TCP,OK,0.571,tcp message 6
2026-10-08T18:20:07,TCP,OK,0.376,tcp message 7
2026-10-08T18:20:07,TCP,OK,0.378,tcp message 8
2026-10-08T18:20:07,TCP,OK,0.444,tcp message 9
2026-10-08T18:20:07,TCP,OK,10.274,tcp message 10
2026-10-08T18:20:07,TCP,OK,15.392,tcp message 11
2026-10-08T18:20:07,TCP,OK,15.581,tcp message 12
2026-10-08T18:20:07,TCP,OK,15.377,tcp message 13
2026-10-08T18:20:07,TCP,OK,15.419,tcp message 14
2026-10-08T18:20:07,TCP,OK,0.600,tcp message 15
2026-10-08T18:20:07,TCP,OK,0.478,tcp message 16
2026-10-08T18:20:07,TCP,OK,0.695,tcp message 17
2026-10-08T18:20:07,TCP,OK,0.416,tcp message 18
2026-10-08T18:20:07,TCP,OK,11.531,tcp message 19
2026-10-08T18:20:07,TCP,OK,1.047,tcp message 20
2026-10-08T18:20:07,TCP,OK,0.904,tcp message 21
2026-10-08T18:20:07,TCP,OK,0.465,tcp message 22
2026-10-08T18:20:07,TCP,OK,0.428,tcp message 23
2026-10-08T18:20:07,TCP,OK,0.412,tcp message 24
2026-10-08T18:20:07,TCP,OK,24.450,tcp message 25
2026-10-08T18:20:07,TCP,OK,14.856,tcp message 26
2026-10-08T18:20:07,TCP,OK,15.097,tcp message 27
2026-10-08T18:20:07,TCP,OK,0.788,tcp message 28
2026-10-08T18:20:07,TCP,OK,0.722,tcp message 29
2026-10-08T18:20:07,TCP,OK,12.448,tcp message 30
2026-10-08T18:20:07,TCP,OK,14.390,tcp message 31
2026-10-08T18:20:07,TCP,OK,0.581,tcp message 32
2026-10-08T18:20:07,TCP,OK,0.382,tcp message 33
2026-10-08T18:20:07,TCP,OK,0.365,tcp message 34
2026-10-08T18:20:07,TCP,OK,0.343,tcp message 35
2026-10-08T18:20:07,TCP,OK,12.202,tcp message 36
2026-10-08T18:20:07,TCP,OK,14.994,tcp message 37
2026-10-08T18:20:07,TCP,OK,0.708,tcp message 38
2026-10-08T18:20:07,TCP,OK,0.470,tcp message 39
2026-10-08T18:20:07,TCP,OK,0.351,tcp message 40
2026-10-08T18:20:07,TCP,OK,0.328,tcp message 41
2026-10-08T18:20:07,TCP,OK,0.448,tcp message 42
2026-10-08T18:20:07,TCP,OK,0.430,tcp message 43
2026-10-08T18:20:07,TCP,OK,0.456,tcp message 44
2026-10-08T18:20:07,TCP,OK,0.368,tcp message 45
2026-10-08T18:20:07,TCP,OK,0.366,tcp message 46
2026-10-08T18:20:07,TCP,OK,0.626,tcp message 47
2026-10-08T18:20:07,TCP,OK,0.386,tcp message 48
2026-10-08T18:20:07,TCP,OK,0.403,tcp message 49
2026-10-08T18:20:07,TCP,OK,21.163,tcp message 50
2026-10-08T18:20:07,TCP,OK,15.432,tcp message 51
2026-10-08T18:20:07,TCP,OK,0.601,tcp message 52
2026-10-08T18:20:07,TCP,OK,13.793,tcp message 53
2026-10-08T18:20:07,TCP,OK,15.359,tcp message 54
2026-10-08T18:20:07,TCP,OK,0.732,tcp message 55
2026-10-08T18:20:07,TCP,OK,0.509,tcp message 56
2026-10-08T18:20:07,TCP,OK,0.333,tcp message 57
2026-10-08T18:20:07,TCP,OK,0.404,tcp message 58
2026-10-08T18:20:07,TCP,OK,0.420,tcp message 59
2026-10-08T18:20:07,TCP,OK,24.773,tcp message 60
2026-10-08T18:20:07,TCP,OK,0.528,tcp message 61
2026-10-08T18:20:07,TCP,OK,0.570,tcp message 62
2026-10-08T18:20:07,TCP,OK,0.451,tcp message 63
2026-10-08T18:20:07,TCP,OK,12.333,tcp message 64
2026-10-08T18:20:07,TCP,OK,0.640,tcp message 65
2026-10-08T18:20:07,TCP,OK,14.267,tcp message 66
2026-10-08T18:20:07,TCP,OK,15.445,tcp message 67
2026-10-08T18:20:07,TCP,OK,0.611,tcp message 68
2026-10-08T18:20:07,TCP,OK,0.769,tcp message 69
2026-10-08T18:20:07,TCP,OK,12.097,tcp message 70
2026-10-08T18:20:07,TCP,OK,14.445,tcp message 71
2026-10-08T18:20:07,TCP,OK,0.636,tcp message 72
2026-10-08T18:20:07,TCP,OK,0.601,tcp message 73
2026-10-08T18:20:07,TCP,OK,0.549,tcp message 74
2026-10-08T18:20:07,TCP,OK,10.910,tcp message 75
2026-10-08T18:20:07,TCP,OK,14.294,tcp message 76
2026-10-08T18:20:07,TCP,OK,15.230,tcp message 77
2026-10-08T18:20:07,TCP,OK,0.585,tcp message 78
2026-10-08T18:20:07,TCP,OK,13.584,tcp message 79
2026-10-08T18:20:07,TCP,OK,0.476,tcp message 80
2026-10-08T18:20:07,TCP,OK,14.381,tcp message 81
2026-10-08T18:20:07,TCP,OK,0.617,tcp message 82
2026-10-08T18:20:07,TCP,OK,0.382,tcp message 83
2026-10-08T18:20:07,TCP,OK,13.482,tcp message 84
2026-10-08T18:20:07,TCP,OK,0.587,tcp message 85
2026-10-08T18:20:07,TCP,OK,0.327,tcp message 86
2026-10-08T18:20:07,TCP,OK,13.083,tcp message 87
2026-10-08T18:20:07,TCP,OK,0.570,tcp message 88
2026-10-08T18:20:07,TCP,OK,0.306,tcp message 89
2026-10-08T18:20:07,TCP,OK,0.298,tcp message 90
2026-10-08T18:20:07,TCP,OK,12.540,tcp message 91
2026-10-08T18:20:07,TCP,OK,14.478,tcp message 92
2026-10-08T18:20:07,TCP,OK,0.647,tcp message 93
2026-10-08T18:20:07,TCP,OK,0.426,tcp message 94
2026-10-08T18:20:07,TCP,OK,0.475,tcp message 95
2026-10-08T18:20:07,TCP,OK,0.349,tcp message 96
2026-10-08T18:20:07,TCP,OK,0.319,tcp message 97
2026-10-08T18:20:07,TCP,OK,10.616,tcp message 98
2026-10-08T18:20:07,TCP,OK,0.528,tcp message 99
2026-10-08T18:20:07,TCP,OK,13.966,tcp message 100
